{"model_name": "Zoobot-backbone-finetuned", "model_type": "Zoobot", "trainable_layers": 3, "description": "ResNet50 initialised with weights from Zoobot, last 3 blocks made trainable", "log_dir": "./models/Zoobot-backbone-finetuned/", "pretrained_ckpt": "./pretrained_models/v1.0/pytorch/resnet50_greyscale_300px.ckpt", "data_table": "./data/HSC_crossmatch_model_training.gzip", "image_dir": "./image_data/", "batch_size": 1, "num_classes": 3, "epochs": 150, "bands": "GRIZY", "channels": 1, "image_mean": {"G": [0.17558421194553375], "R": [0.20009487867355347], "I": [0.21214237809181213], "Z": [0.22976534068584442], "Y": [0.2542855143547058]}, "image_std": {"G": [0.16803842782974243], "R": [0.19101493060588837], "I": [0.20269322395324707], "Z": [0.20779715478420258], "Y": [0.21154500544071198]}, "k_folds": 5, "validation_split": 0.2}